2024-03-15 17:07:45,414: alpaca.trading.stream: INFO: connected to: BaseURL.TRADING_STREAM_PAPER
2024-03-15 17:07:45,415: asyncio: INFO: [AlgorithmicTrader] Executing the initialize lifecycle method
2024-03-15 17:07:46,062: root: INFO: Current backtesting datetime 2023-10-16 08:30:00-04:00
2024-03-15 17:07:46,063: asyncio: INFO: [AlgorithmicTrader] Executing the before_market_opens lifecycle method
2024-03-15 17:07:46,064: root: INFO: Current backtesting datetime 2023-10-16 09:30:00-04:00
2024-03-15 17:07:46,064: asyncio: INFO: [AlgorithmicTrader] Executing the before_starting_trading lifecycle method
2024-03-15 17:07:46,065: asyncio: INFO: [AlgorithmicTrader] Executing the on_trading_iteration lifecycle method at 2024-03-15 17:07:46
2024-03-15 17:07:46,065: root: WARNING: quote is not implemented for YahooData, but USD was passed as the quote
2024-03-15 17:07:46,069: root: WARNING: quote is not implemented for YahooData, but USD was passed as the quote
2024-03-15 17:07:48,557: asyncio: INFO: [AlgorithmicTrader] An error occurred during the on_trading_iteration lifecycle method: list indices must be integers or slices, not str
2024-03-15 17:07:48,558: asyncio: INFO: [AlgorithmicTrader] Traceback (most recent call last):
  File "C:\Users\taaha\Desktop\Classes\InterviewPrep\Projects\AlgorithmicTrader\venv\Lib\site-packages\lumibot\strategies\strategy_executor.py", line 365, in _on_trading_iteration
    on_trading_iteration()
  File "C:\Users\taaha\Desktop\Classes\InterviewPrep\Projects\AlgorithmicTrader\venv\Lib\site-packages\lumibot\tools\decorators.py", line 62, in func_output
    frame, result = call_function_get_frame(func_input, *args, **kwargs)
                    ^^^^^^^^^^^^^^^^^^^^^^^^^^^^^^^^^^^^^^^^^^^^^^^^^^^^
  File "C:\Users\taaha\Desktop\Classes\InterviewPrep\Projects\AlgorithmicTrader\venv\Lib\site-packages\lumibot\tools\decorators.py", line 30, in call_function_get_frame
    result = func(*args, **kwargs)
             ^^^^^^^^^^^^^^^^^^^^^
  File "C:\Users\taaha\Desktop\Classes\InterviewPrep\Projects\AlgorithmicTrader\AlgorithmicTrader\tradingbot.py", line 56, in on_trading_iteration
    label = news_analysis['label']
            ~~~~~~~~~~~~~^^^^^^^^^
TypeError: list indices must be integers or slices, not str

2024-03-15 17:07:48,558: asyncio: INFO: [AlgorithmicTrader] Executing the on_bot_crash event method
2024-03-15 17:07:48,560: asyncio: INFO: [AlgorithmicTrader] Sleeping for 86400 seconds
2024-03-15 17:07:48,560: root: INFO: Current backtesting datetime 2023-10-16 16:00:00-04:00
2024-03-15 17:07:48,561: root: INFO: Current backtesting datetime 2023-10-17 09:30:00-04:00
2024-03-15 17:07:48,561: asyncio: INFO: [AlgorithmicTrader] Executing the on_trading_iteration lifecycle method at 2024-03-15 17:07:48
2024-03-15 17:07:48,561: root: WARNING: quote is not implemented for YahooData, but USD was passed as the quote
2024-03-15 17:07:48,562: root: WARNING: quote is not implemented for YahooData, but USD was passed as the quote
2024-03-15 17:07:49,677: asyncio: INFO: [AlgorithmicTrader] An error occurred during the on_trading_iteration lifecycle method: list indices must be integers or slices, not str
2024-03-15 17:07:49,678: asyncio: INFO: [AlgorithmicTrader] Traceback (most recent call last):
  File "C:\Users\taaha\Desktop\Classes\InterviewPrep\Projects\AlgorithmicTrader\venv\Lib\site-packages\lumibot\strategies\strategy_executor.py", line 365, in _on_trading_iteration
    on_trading_iteration()
  File "C:\Users\taaha\Desktop\Classes\InterviewPrep\Projects\AlgorithmicTrader\venv\Lib\site-packages\lumibot\tools\decorators.py", line 62, in func_output
    frame, result = call_function_get_frame(func_input, *args, **kwargs)
                    ^^^^^^^^^^^^^^^^^^^^^^^^^^^^^^^^^^^^^^^^^^^^^^^^^^^^
  File "C:\Users\taaha\Desktop\Classes\InterviewPrep\Projects\AlgorithmicTrader\venv\Lib\site-packages\lumibot\tools\decorators.py", line 30, in call_function_get_frame
    result = func(*args, **kwargs)
             ^^^^^^^^^^^^^^^^^^^^^
  File "C:\Users\taaha\Desktop\Classes\InterviewPrep\Projects\AlgorithmicTrader\AlgorithmicTrader\tradingbot.py", line 56, in on_trading_iteration
    label = news_analysis['label']
            ~~~~~~~~~~~~~^^^^^^^^^
TypeError: list indices must be integers or slices, not str

2024-03-15 17:07:49,678: asyncio: INFO: [AlgorithmicTrader] Executing the on_bot_crash event method
2024-03-15 17:07:49,700: asyncio: INFO: [AlgorithmicTrader] Sleeping for 86400 seconds
2024-03-15 17:07:49,700: root: INFO: Current backtesting datetime 2023-10-17 16:00:00-04:00
2024-03-15 17:07:49,700: root: INFO: Current backtesting datetime 2023-10-18 09:30:00-04:00
2024-03-15 17:07:49,701: asyncio: INFO: [AlgorithmicTrader] Executing the on_trading_iteration lifecycle method at 2024-03-15 17:07:49
2024-03-15 17:07:49,701: root: WARNING: quote is not implemented for YahooData, but USD was passed as the quote
2024-03-15 17:07:49,702: root: WARNING: quote is not implemented for YahooData, but USD was passed as the quote
2024-03-15 17:07:50,807: asyncio: INFO: [AlgorithmicTrader] An error occurred during the on_trading_iteration lifecycle method: list indices must be integers or slices, not str
2024-03-15 17:07:50,807: asyncio: INFO: [AlgorithmicTrader] Traceback (most recent call last):
  File "C:\Users\taaha\Desktop\Classes\InterviewPrep\Projects\AlgorithmicTrader\venv\Lib\site-packages\lumibot\strategies\strategy_executor.py", line 365, in _on_trading_iteration
    on_trading_iteration()
  File "C:\Users\taaha\Desktop\Classes\InterviewPrep\Projects\AlgorithmicTrader\venv\Lib\site-packages\lumibot\tools\decorators.py", line 62, in func_output
    frame, result = call_function_get_frame(func_input, *args, **kwargs)
                    ^^^^^^^^^^^^^^^^^^^^^^^^^^^^^^^^^^^^^^^^^^^^^^^^^^^^
  File "C:\Users\taaha\Desktop\Classes\InterviewPrep\Projects\AlgorithmicTrader\venv\Lib\site-packages\lumibot\tools\decorators.py", line 30, in call_function_get_frame
    result = func(*args, **kwargs)
             ^^^^^^^^^^^^^^^^^^^^^
  File "C:\Users\taaha\Desktop\Classes\InterviewPrep\Projects\AlgorithmicTrader\AlgorithmicTrader\tradingbot.py", line 56, in on_trading_iteration
    label = news_analysis['label']
            ~~~~~~~~~~~~~^^^^^^^^^
TypeError: list indices must be integers or slices, not str

2024-03-15 17:07:50,807: asyncio: INFO: [AlgorithmicTrader] Executing the on_bot_crash event method
2024-03-15 17:07:50,827: asyncio: INFO: [AlgorithmicTrader] Sleeping for 86400 seconds
2024-03-15 17:07:50,828: root: INFO: Current backtesting datetime 2023-10-18 16:00:00-04:00
2024-03-15 17:07:50,828: root: INFO: Current backtesting datetime 2023-10-19 09:30:00-04:00
2024-03-15 17:07:50,828: asyncio: INFO: [AlgorithmicTrader] Executing the on_trading_iteration lifecycle method at 2024-03-15 17:07:50
2024-03-15 17:07:50,828: root: WARNING: quote is not implemented for YahooData, but USD was passed as the quote
2024-03-15 17:07:50,829: root: WARNING: quote is not implemented for YahooData, but USD was passed as the quote
2024-03-15 17:07:51,945: asyncio: INFO: [AlgorithmicTrader] An error occurred during the on_trading_iteration lifecycle method: list indices must be integers or slices, not str
2024-03-15 17:07:51,946: asyncio: INFO: [AlgorithmicTrader] Traceback (most recent call last):
  File "C:\Users\taaha\Desktop\Classes\InterviewPrep\Projects\AlgorithmicTrader\venv\Lib\site-packages\lumibot\strategies\strategy_executor.py", line 365, in _on_trading_iteration
    on_trading_iteration()
  File "C:\Users\taaha\Desktop\Classes\InterviewPrep\Projects\AlgorithmicTrader\venv\Lib\site-packages\lumibot\tools\decorators.py", line 62, in func_output
    frame, result = call_function_get_frame(func_input, *args, **kwargs)
                    ^^^^^^^^^^^^^^^^^^^^^^^^^^^^^^^^^^^^^^^^^^^^^^^^^^^^
  File "C:\Users\taaha\Desktop\Classes\InterviewPrep\Projects\AlgorithmicTrader\venv\Lib\site-packages\lumibot\tools\decorators.py", line 30, in call_function_get_frame
    result = func(*args, **kwargs)
             ^^^^^^^^^^^^^^^^^^^^^
  File "C:\Users\taaha\Desktop\Classes\InterviewPrep\Projects\AlgorithmicTrader\AlgorithmicTrader\tradingbot.py", line 56, in on_trading_iteration
    label = news_analysis['label']
            ~~~~~~~~~~~~~^^^^^^^^^
TypeError: list indices must be integers or slices, not str

2024-03-15 17:07:51,946: asyncio: INFO: [AlgorithmicTrader] Executing the on_bot_crash event method
2024-03-15 17:07:51,963: asyncio: INFO: [AlgorithmicTrader] Sleeping for 86400 seconds
2024-03-15 17:07:51,964: root: INFO: Current backtesting datetime 2023-10-19 16:00:00-04:00
2024-03-15 17:07:51,964: root: INFO: Current backtesting datetime 2023-10-20 09:30:00-04:00
2024-03-15 17:07:51,964: asyncio: INFO: [AlgorithmicTrader] Executing the on_trading_iteration lifecycle method at 2024-03-15 17:07:51
2024-03-15 17:07:51,964: root: WARNING: quote is not implemented for YahooData, but USD was passed as the quote
2024-03-15 17:07:51,965: root: WARNING: quote is not implemented for YahooData, but USD was passed as the quote
2024-03-15 17:07:53,091: asyncio: INFO: [AlgorithmicTrader] An error occurred during the on_trading_iteration lifecycle method: list indices must be integers or slices, not str
2024-03-15 17:07:53,092: asyncio: INFO: [AlgorithmicTrader] Traceback (most recent call last):
  File "C:\Users\taaha\Desktop\Classes\InterviewPrep\Projects\AlgorithmicTrader\venv\Lib\site-packages\lumibot\strategies\strategy_executor.py", line 365, in _on_trading_iteration
    on_trading_iteration()
  File "C:\Users\taaha\Desktop\Classes\InterviewPrep\Projects\AlgorithmicTrader\venv\Lib\site-packages\lumibot\tools\decorators.py", line 62, in func_output
    frame, result = call_function_get_frame(func_input, *args, **kwargs)
                    ^^^^^^^^^^^^^^^^^^^^^^^^^^^^^^^^^^^^^^^^^^^^^^^^^^^^
  File "C:\Users\taaha\Desktop\Classes\InterviewPrep\Projects\AlgorithmicTrader\venv\Lib\site-packages\lumibot\tools\decorators.py", line 30, in call_function_get_frame
    result = func(*args, **kwargs)
             ^^^^^^^^^^^^^^^^^^^^^
  File "C:\Users\taaha\Desktop\Classes\InterviewPrep\Projects\AlgorithmicTrader\AlgorithmicTrader\tradingbot.py", line 56, in on_trading_iteration
    label = news_analysis['label']
            ~~~~~~~~~~~~~^^^^^^^^^
TypeError: list indices must be integers or slices, not str

2024-03-15 17:07:53,092: asyncio: INFO: [AlgorithmicTrader] Executing the on_bot_crash event method
2024-03-15 17:07:53,109: asyncio: INFO: [AlgorithmicTrader] Sleeping for 86400 seconds
2024-03-15 17:07:53,110: root: INFO: Current backtesting datetime 2023-10-20 16:00:00-04:00
2024-03-15 17:07:53,110: root: INFO: Current backtesting datetime 2023-10-21 09:30:00-04:00
2024-03-15 17:07:53,110: asyncio: INFO: [AlgorithmicTrader] The market is not currently open, skipping this trading iteration
2024-03-15 17:07:53,111: root: INFO: Current backtesting datetime 2023-10-21 09:29:00-04:00
2024-03-15 17:07:53,112: root: INFO: Current backtesting datetime 2023-10-21 09:29:00-04:00
2024-03-15 17:07:53,112: asyncio: INFO: [AlgorithmicTrader] Executing the after_market_closes lifecycle method
2024-03-15 17:07:53,113: root: INFO: Current backtesting datetime 2023-10-23 08:30:00-04:00
2024-03-15 17:07:53,113: asyncio: INFO: [AlgorithmicTrader] Executing the before_market_opens lifecycle method
2024-03-15 17:07:53,113: root: INFO: Current backtesting datetime 2023-10-23 09:30:00-04:00
2024-03-15 17:07:53,113: asyncio: INFO: [AlgorithmicTrader] Executing the before_starting_trading lifecycle method
2024-03-15 17:07:53,114: asyncio: INFO: [AlgorithmicTrader] Executing the on_trading_iteration lifecycle method at 2024-03-15 17:07:53
2024-03-15 17:07:53,114: root: WARNING: quote is not implemented for YahooData, but USD was passed as the quote
2024-03-15 17:07:53,115: root: WARNING: quote is not implemented for YahooData, but USD was passed as the quote
2024-03-15 17:07:54,368: asyncio: INFO: [AlgorithmicTrader] An error occurred during the on_trading_iteration lifecycle method: list indices must be integers or slices, not str
2024-03-15 17:07:54,369: asyncio: INFO: [AlgorithmicTrader] Traceback (most recent call last):
  File "C:\Users\taaha\Desktop\Classes\InterviewPrep\Projects\AlgorithmicTrader\venv\Lib\site-packages\lumibot\strategies\strategy_executor.py", line 365, in _on_trading_iteration
    on_trading_iteration()
  File "C:\Users\taaha\Desktop\Classes\InterviewPrep\Projects\AlgorithmicTrader\venv\Lib\site-packages\lumibot\tools\decorators.py", line 62, in func_output
    frame, result = call_function_get_frame(func_input, *args, **kwargs)
                    ^^^^^^^^^^^^^^^^^^^^^^^^^^^^^^^^^^^^^^^^^^^^^^^^^^^^
  File "C:\Users\taaha\Desktop\Classes\InterviewPrep\Projects\AlgorithmicTrader\venv\Lib\site-packages\lumibot\tools\decorators.py", line 30, in call_function_get_frame
    result = func(*args, **kwargs)
             ^^^^^^^^^^^^^^^^^^^^^
  File "C:\Users\taaha\Desktop\Classes\InterviewPrep\Projects\AlgorithmicTrader\AlgorithmicTrader\tradingbot.py", line 56, in on_trading_iteration
    label = news_analysis['label']
            ~~~~~~~~~~~~~^^^^^^^^^
TypeError: list indices must be integers or slices, not str

2024-03-15 17:07:54,369: asyncio: INFO: [AlgorithmicTrader] Executing the on_bot_crash event method
2024-03-15 17:07:54,388: asyncio: INFO: [AlgorithmicTrader] Sleeping for 86400 seconds
2024-03-15 17:07:54,389: root: INFO: Current backtesting datetime 2023-10-23 16:00:00-04:00
2024-03-15 17:07:54,389: root: INFO: Current backtesting datetime 2023-10-24 09:30:00-04:00
2024-03-15 17:07:54,389: asyncio: INFO: [AlgorithmicTrader] Executing the on_trading_iteration lifecycle method at 2024-03-15 17:07:54
2024-03-15 17:07:54,389: root: WARNING: quote is not implemented for YahooData, but USD was passed as the quote
2024-03-15 17:07:54,390: root: WARNING: quote is not implemented for YahooData, but USD was passed as the quote
2024-03-15 17:07:55,677: asyncio: INFO: [AlgorithmicTrader] An error occurred during the on_trading_iteration lifecycle method: list indices must be integers or slices, not str
2024-03-15 17:07:55,678: asyncio: INFO: [AlgorithmicTrader] Traceback (most recent call last):
  File "C:\Users\taaha\Desktop\Classes\InterviewPrep\Projects\AlgorithmicTrader\venv\Lib\site-packages\lumibot\strategies\strategy_executor.py", line 365, in _on_trading_iteration
    on_trading_iteration()
  File "C:\Users\taaha\Desktop\Classes\InterviewPrep\Projects\AlgorithmicTrader\venv\Lib\site-packages\lumibot\tools\decorators.py", line 62, in func_output
    frame, result = call_function_get_frame(func_input, *args, **kwargs)
                    ^^^^^^^^^^^^^^^^^^^^^^^^^^^^^^^^^^^^^^^^^^^^^^^^^^^^
  File "C:\Users\taaha\Desktop\Classes\InterviewPrep\Projects\AlgorithmicTrader\venv\Lib\site-packages\lumibot\tools\decorators.py", line 30, in call_function_get_frame
    result = func(*args, **kwargs)
             ^^^^^^^^^^^^^^^^^^^^^
  File "C:\Users\taaha\Desktop\Classes\InterviewPrep\Projects\AlgorithmicTrader\AlgorithmicTrader\tradingbot.py", line 56, in on_trading_iteration
    label = news_analysis['label']
            ~~~~~~~~~~~~~^^^^^^^^^
TypeError: list indices must be integers or slices, not str

2024-03-15 17:07:55,678: asyncio: INFO: [AlgorithmicTrader] Executing the on_bot_crash event method
2024-03-15 17:07:55,700: asyncio: INFO: [AlgorithmicTrader] Sleeping for 86400 seconds
2024-03-15 17:07:55,700: root: INFO: Current backtesting datetime 2023-10-24 16:00:00-04:00
2024-03-15 17:07:55,700: root: INFO: Current backtesting datetime 2023-10-25 09:30:00-04:00
2024-03-15 17:07:55,701: asyncio: INFO: [AlgorithmicTrader] Executing the on_trading_iteration lifecycle method at 2024-03-15 17:07:55
2024-03-15 17:07:55,701: root: WARNING: quote is not implemented for YahooData, but USD was passed as the quote
2024-03-15 17:07:55,702: root: WARNING: quote is not implemented for YahooData, but USD was passed as the quote
2024-03-15 17:07:56,830: asyncio: INFO: [AlgorithmicTrader] An error occurred during the on_trading_iteration lifecycle method: list indices must be integers or slices, not str
2024-03-15 17:07:56,830: asyncio: INFO: [AlgorithmicTrader] Traceback (most recent call last):
  File "C:\Users\taaha\Desktop\Classes\InterviewPrep\Projects\AlgorithmicTrader\venv\Lib\site-packages\lumibot\strategies\strategy_executor.py", line 365, in _on_trading_iteration
    on_trading_iteration()
  File "C:\Users\taaha\Desktop\Classes\InterviewPrep\Projects\AlgorithmicTrader\venv\Lib\site-packages\lumibot\tools\decorators.py", line 62, in func_output
    frame, result = call_function_get_frame(func_input, *args, **kwargs)
                    ^^^^^^^^^^^^^^^^^^^^^^^^^^^^^^^^^^^^^^^^^^^^^^^^^^^^
  File "C:\Users\taaha\Desktop\Classes\InterviewPrep\Projects\AlgorithmicTrader\venv\Lib\site-packages\lumibot\tools\decorators.py", line 30, in call_function_get_frame
    result = func(*args, **kwargs)
             ^^^^^^^^^^^^^^^^^^^^^
  File "C:\Users\taaha\Desktop\Classes\InterviewPrep\Projects\AlgorithmicTrader\AlgorithmicTrader\tradingbot.py", line 56, in on_trading_iteration
    label = news_analysis['label']
            ~~~~~~~~~~~~~^^^^^^^^^
TypeError: list indices must be integers or slices, not str

2024-03-15 17:07:56,830: asyncio: INFO: [AlgorithmicTrader] Executing the on_bot_crash event method
2024-03-15 17:07:56,853: asyncio: INFO: [AlgorithmicTrader] Sleeping for 86400 seconds
2024-03-15 17:07:56,854: root: INFO: Current backtesting datetime 2023-10-25 16:00:00-04:00
2024-03-15 17:07:56,854: root: INFO: Current backtesting datetime 2023-10-26 09:30:00-04:00
2024-03-15 17:07:56,855: asyncio: INFO: [AlgorithmicTrader] Executing the on_trading_iteration lifecycle method at 2024-03-15 17:07:56
2024-03-15 17:07:56,855: root: WARNING: quote is not implemented for YahooData, but USD was passed as the quote
2024-03-15 17:07:56,856: root: WARNING: quote is not implemented for YahooData, but USD was passed as the quote
2024-03-15 17:07:58,051: asyncio: INFO: [AlgorithmicTrader] An error occurred during the on_trading_iteration lifecycle method: list indices must be integers or slices, not str
2024-03-15 17:07:58,051: asyncio: INFO: [AlgorithmicTrader] Traceback (most recent call last):
  File "C:\Users\taaha\Desktop\Classes\InterviewPrep\Projects\AlgorithmicTrader\venv\Lib\site-packages\lumibot\strategies\strategy_executor.py", line 365, in _on_trading_iteration
    on_trading_iteration()
  File "C:\Users\taaha\Desktop\Classes\InterviewPrep\Projects\AlgorithmicTrader\venv\Lib\site-packages\lumibot\tools\decorators.py", line 62, in func_output
    frame, result = call_function_get_frame(func_input, *args, **kwargs)
                    ^^^^^^^^^^^^^^^^^^^^^^^^^^^^^^^^^^^^^^^^^^^^^^^^^^^^
  File "C:\Users\taaha\Desktop\Classes\InterviewPrep\Projects\AlgorithmicTrader\venv\Lib\site-packages\lumibot\tools\decorators.py", line 30, in call_function_get_frame
    result = func(*args, **kwargs)
             ^^^^^^^^^^^^^^^^^^^^^
  File "C:\Users\taaha\Desktop\Classes\InterviewPrep\Projects\AlgorithmicTrader\AlgorithmicTrader\tradingbot.py", line 56, in on_trading_iteration
    label = news_analysis['label']
            ~~~~~~~~~~~~~^^^^^^^^^
TypeError: list indices must be integers or slices, not str

2024-03-15 17:07:58,051: asyncio: INFO: [AlgorithmicTrader] Executing the on_bot_crash event method
2024-03-15 17:07:58,076: asyncio: INFO: [AlgorithmicTrader] Sleeping for 86400 seconds
2024-03-15 17:07:58,077: root: INFO: Current backtesting datetime 2023-10-26 16:00:00-04:00
2024-03-15 17:07:58,077: root: INFO: Current backtesting datetime 2023-10-27 09:30:00-04:00
2024-03-15 17:07:58,077: asyncio: INFO: [AlgorithmicTrader] Executing the on_trading_iteration lifecycle method at 2024-03-15 17:07:58
2024-03-15 17:07:58,077: root: WARNING: quote is not implemented for YahooData, but USD was passed as the quote
2024-03-15 17:07:58,078: root: WARNING: quote is not implemented for YahooData, but USD was passed as the quote
2024-03-15 17:07:59,229: asyncio: INFO: [AlgorithmicTrader] An error occurred during the on_trading_iteration lifecycle method: list indices must be integers or slices, not str
2024-03-15 17:07:59,229: asyncio: INFO: [AlgorithmicTrader] Traceback (most recent call last):
  File "C:\Users\taaha\Desktop\Classes\InterviewPrep\Projects\AlgorithmicTrader\venv\Lib\site-packages\lumibot\strategies\strategy_executor.py", line 365, in _on_trading_iteration
    on_trading_iteration()
  File "C:\Users\taaha\Desktop\Classes\InterviewPrep\Projects\AlgorithmicTrader\venv\Lib\site-packages\lumibot\tools\decorators.py", line 62, in func_output
    frame, result = call_function_get_frame(func_input, *args, **kwargs)
                    ^^^^^^^^^^^^^^^^^^^^^^^^^^^^^^^^^^^^^^^^^^^^^^^^^^^^
  File "C:\Users\taaha\Desktop\Classes\InterviewPrep\Projects\AlgorithmicTrader\venv\Lib\site-packages\lumibot\tools\decorators.py", line 30, in call_function_get_frame
    result = func(*args, **kwargs)
             ^^^^^^^^^^^^^^^^^^^^^
  File "C:\Users\taaha\Desktop\Classes\InterviewPrep\Projects\AlgorithmicTrader\AlgorithmicTrader\tradingbot.py", line 56, in on_trading_iteration
    label = news_analysis['label']
            ~~~~~~~~~~~~~^^^^^^^^^
TypeError: list indices must be integers or slices, not str

2024-03-15 17:07:59,229: asyncio: INFO: [AlgorithmicTrader] Executing the on_bot_crash event method
2024-03-15 17:07:59,253: asyncio: INFO: [AlgorithmicTrader] Sleeping for 86400 seconds
2024-03-15 17:07:59,254: root: INFO: Current backtesting datetime 2023-10-27 16:00:00-04:00
2024-03-15 17:07:59,254: root: INFO: Current backtesting datetime 2023-10-28 09:30:00-04:00
2024-03-15 17:07:59,254: asyncio: INFO: [AlgorithmicTrader] The market is not currently open, skipping this trading iteration
2024-03-15 17:07:59,255: root: INFO: Current backtesting datetime 2023-10-28 09:29:00-04:00
2024-03-15 17:07:59,256: root: INFO: Current backtesting datetime 2023-10-28 09:29:00-04:00
2024-03-15 17:07:59,256: asyncio: INFO: [AlgorithmicTrader] Executing the after_market_closes lifecycle method
2024-03-15 17:07:59,257: root: INFO: Current backtesting datetime 2023-10-30 08:30:00-04:00
2024-03-15 17:07:59,258: asyncio: INFO: [AlgorithmicTrader] Executing the before_market_opens lifecycle method
2024-03-15 17:07:59,258: root: INFO: Current backtesting datetime 2023-10-30 09:30:00-04:00
2024-03-15 17:07:59,258: asyncio: INFO: [AlgorithmicTrader] Executing the before_starting_trading lifecycle method
2024-03-15 17:07:59,260: asyncio: INFO: [AlgorithmicTrader] Executing the on_trading_iteration lifecycle method at 2024-03-15 17:07:59
2024-03-15 17:07:59,260: root: WARNING: quote is not implemented for YahooData, but USD was passed as the quote
2024-03-15 17:07:59,261: root: WARNING: quote is not implemented for YahooData, but USD was passed as the quote
2024-03-15 17:08:00,534: asyncio: INFO: [AlgorithmicTrader] An error occurred during the on_trading_iteration lifecycle method: list indices must be integers or slices, not str
2024-03-15 17:08:00,534: asyncio: INFO: [AlgorithmicTrader] Traceback (most recent call last):
  File "C:\Users\taaha\Desktop\Classes\InterviewPrep\Projects\AlgorithmicTrader\venv\Lib\site-packages\lumibot\strategies\strategy_executor.py", line 365, in _on_trading_iteration
    on_trading_iteration()
  File "C:\Users\taaha\Desktop\Classes\InterviewPrep\Projects\AlgorithmicTrader\venv\Lib\site-packages\lumibot\tools\decorators.py", line 62, in func_output
    frame, result = call_function_get_frame(func_input, *args, **kwargs)
                    ^^^^^^^^^^^^^^^^^^^^^^^^^^^^^^^^^^^^^^^^^^^^^^^^^^^^
  File "C:\Users\taaha\Desktop\Classes\InterviewPrep\Projects\AlgorithmicTrader\venv\Lib\site-packages\lumibot\tools\decorators.py", line 30, in call_function_get_frame
    result = func(*args, **kwargs)
             ^^^^^^^^^^^^^^^^^^^^^
  File "C:\Users\taaha\Desktop\Classes\InterviewPrep\Projects\AlgorithmicTrader\AlgorithmicTrader\tradingbot.py", line 56, in on_trading_iteration
    label = news_analysis['label']
            ~~~~~~~~~~~~~^^^^^^^^^
TypeError: list indices must be integers or slices, not str

2024-03-15 17:08:00,534: asyncio: INFO: [AlgorithmicTrader] Executing the on_bot_crash event method
2024-03-15 17:08:00,558: asyncio: INFO: [AlgorithmicTrader] Sleeping for 86400 seconds
2024-03-15 17:08:00,559: root: INFO: Current backtesting datetime 2023-10-30 16:00:00-04:00
2024-03-15 17:08:00,559: root: INFO: Current backtesting datetime 2023-10-31 09:30:00-04:00
2024-03-15 17:08:00,560: asyncio: INFO: [AlgorithmicTrader] Executing the on_trading_iteration lifecycle method at 2024-03-15 17:08:00
2024-03-15 17:08:00,560: root: WARNING: quote is not implemented for YahooData, but USD was passed as the quote
2024-03-15 17:08:00,561: root: WARNING: quote is not implemented for YahooData, but USD was passed as the quote
2024-03-15 17:08:01,710: asyncio: INFO: [AlgorithmicTrader] An error occurred during the on_trading_iteration lifecycle method: list indices must be integers or slices, not str
2024-03-15 17:08:01,710: asyncio: INFO: [AlgorithmicTrader] Traceback (most recent call last):
  File "C:\Users\taaha\Desktop\Classes\InterviewPrep\Projects\AlgorithmicTrader\venv\Lib\site-packages\lumibot\strategies\strategy_executor.py", line 365, in _on_trading_iteration
    on_trading_iteration()
  File "C:\Users\taaha\Desktop\Classes\InterviewPrep\Projects\AlgorithmicTrader\venv\Lib\site-packages\lumibot\tools\decorators.py", line 62, in func_output
    frame, result = call_function_get_frame(func_input, *args, **kwargs)
                    ^^^^^^^^^^^^^^^^^^^^^^^^^^^^^^^^^^^^^^^^^^^^^^^^^^^^
  File "C:\Users\taaha\Desktop\Classes\InterviewPrep\Projects\AlgorithmicTrader\venv\Lib\site-packages\lumibot\tools\decorators.py", line 30, in call_function_get_frame
    result = func(*args, **kwargs)
             ^^^^^^^^^^^^^^^^^^^^^
  File "C:\Users\taaha\Desktop\Classes\InterviewPrep\Projects\AlgorithmicTrader\AlgorithmicTrader\tradingbot.py", line 56, in on_trading_iteration
    label = news_analysis['label']
            ~~~~~~~~~~~~~^^^^^^^^^
TypeError: list indices must be integers or slices, not str

2024-03-15 17:08:01,710: asyncio: INFO: [AlgorithmicTrader] Executing the on_bot_crash event method
2024-03-15 17:08:01,731: asyncio: INFO: [AlgorithmicTrader] Sleeping for 86400 seconds
2024-03-15 17:08:01,732: root: INFO: Current backtesting datetime 2023-10-31 16:00:00-04:00
2024-03-15 17:08:01,732: root: INFO: Current backtesting datetime 2023-11-01 09:30:00-04:00
2024-03-15 17:08:01,733: asyncio: INFO: [AlgorithmicTrader] Executing the on_trading_iteration lifecycle method at 2024-03-15 17:08:01
2024-03-15 17:08:01,733: root: WARNING: quote is not implemented for YahooData, but USD was passed as the quote
2024-03-15 17:08:01,734: root: WARNING: quote is not implemented for YahooData, but USD was passed as the quote
2024-03-15 17:08:02,889: asyncio: INFO: [AlgorithmicTrader] An error occurred during the on_trading_iteration lifecycle method: list indices must be integers or slices, not str
2024-03-15 17:08:02,890: asyncio: INFO: [AlgorithmicTrader] Traceback (most recent call last):
  File "C:\Users\taaha\Desktop\Classes\InterviewPrep\Projects\AlgorithmicTrader\venv\Lib\site-packages\lumibot\strategies\strategy_executor.py", line 365, in _on_trading_iteration
    on_trading_iteration()
  File "C:\Users\taaha\Desktop\Classes\InterviewPrep\Projects\AlgorithmicTrader\venv\Lib\site-packages\lumibot\tools\decorators.py", line 62, in func_output
    frame, result = call_function_get_frame(func_input, *args, **kwargs)
                    ^^^^^^^^^^^^^^^^^^^^^^^^^^^^^^^^^^^^^^^^^^^^^^^^^^^^
  File "C:\Users\taaha\Desktop\Classes\InterviewPrep\Projects\AlgorithmicTrader\venv\Lib\site-packages\lumibot\tools\decorators.py", line 30, in call_function_get_frame
    result = func(*args, **kwargs)
             ^^^^^^^^^^^^^^^^^^^^^
  File "C:\Users\taaha\Desktop\Classes\InterviewPrep\Projects\AlgorithmicTrader\AlgorithmicTrader\tradingbot.py", line 56, in on_trading_iteration
    label = news_analysis['label']
            ~~~~~~~~~~~~~^^^^^^^^^
TypeError: list indices must be integers or slices, not str

2024-03-15 17:08:02,890: asyncio: INFO: [AlgorithmicTrader] Executing the on_bot_crash event method
2024-03-15 17:08:02,910: asyncio: INFO: [AlgorithmicTrader] Sleeping for 86400 seconds
2024-03-15 17:08:02,911: root: INFO: Current backtesting datetime 2023-11-01 16:00:00-04:00
2024-03-15 17:08:02,911: root: INFO: Current backtesting datetime 2023-11-02 09:30:00-04:00
2024-03-15 17:08:02,912: asyncio: INFO: [AlgorithmicTrader] Executing the on_trading_iteration lifecycle method at 2024-03-15 17:08:02
2024-03-15 17:08:02,912: root: WARNING: quote is not implemented for YahooData, but USD was passed as the quote
2024-03-15 17:08:02,913: root: WARNING: quote is not implemented for YahooData, but USD was passed as the quote
